Workbook

Sheet Léeme
A1: Números de la JACK · La Mella League
A3: Liga | B3: JACK Andy Alonso · Temporada 21 · jueves en el Estadio Municipal Andy Alonso
A4: Corte | B4: Después de la jornada 4 (jueves 1 de octubre de 2026)
A5: Desarrollo | B5: Desarrollo único para La Mella League y Liga Deportiva de Albrook
A7: Abreviaturas
A8: JJ | B8: Juegos jugados
A9: AP | B9: Apariciones al plato
A10: H | B10: Hits
A11: 2B | B11: Dobles
A12: 3B | B12: Triples
A13: HR | B13: Jonrones
A14: CI | B14: Carreras impulsadas
A15: PRO | B15: Promedio de bateo
A16: EL | B16: Entradas lanzadas
A17: JG | B17: Juegos ganados
A18: K | B18: Ponches
A19: EFE | B19: Efectividad sobre 7 entradas
A21: ¿Quieres jugar en La Mella?
A22: Martes | B22: Meracho + · Complejo Deportivo del MEF, Albrook · $450 por equipo · 4 juegos garantizados · quedan 4 cupos
A23: Miércoles | B23: Meracho Senior · Complejo Deportivo del MEF, Albrook · cerrada, arranca el 16 de septiembre
A24: Jueves | B24: Merachos Contraloría · cuadro de la Contraloría, transmisión multicámara con Tiger League · $450 por equipo · 4 juegos garantizados · queda 1 cupo
A25: Jueves | B25: JACK Andy Alonso · Estadio Municipal Andy Alonso · cerrada, en juego
A26: Reserva tu cupo | B26: WhatsApp 6497-3574 o 6232-7853, con el nombre de tu equipo. El pago es el cupo: se paga antes de la primera jornada.
A27: Cómo pagar | B27: Yappy @lamellapma o Banco General, cuenta de ahorros 04-80-01-522742-4 (Grupo Agro Turístico La Mella). No se recibe efectivo.
A28: Página | B28: lamellaleague.github.io · calendarios, tablas y números de todas las ligas

Sheet Tabla
A1: Tabla de posiciones
A2: Se calcula sola desde la hoja «Resultados». El orden sigue el reglamento de desempates de La Mella y se revisa cada semana.
A4: # | B4: Equipo | C4: JJ | D4: G | E4: P | F4: CA | G4: CP | H4: DIF | I4: PCT
A5: 1 | B5: Drinks | C5: =COUNTIF(Resultados!$D$5:$D$200,$B5)+COUNTIF(Resultados!$F$5:$F$200,$B5) -> 3 | D5: =SUMPRODUCT((Resultados!$D$5:$D$200=$B5)*(Resultados!$E$5:$E$200>Resultados!$G$5:$G$200))+SUMPRODUCT((Resultados!$F$5:$F$200=$B5)*(Resultados!$G$5:$G$200>Resultados!$E$5:$E$200)) -> 3 | E5: =SUMPRODUCT((Resultados!$D$5:$D$200=$B5)*(Resultados!$E$5:$E$200<Resultados!$G$5:$G$200))+SUMPRODUCT((Resultados!$F$5:$F$200=$B5)*(Resultados!$G$5:$G$200<Resultados!$E$5:$E$200)) -> 0 | F5: =SUMIF(Resultados!$D$5:$D$200,$B5,Resultados!$E$5:$E$200)+SUMIF(Resultados!$F$5:$F$200,$B5,Resultados!$G$5:$G$200) -> 38 | G5: =SUMIF(Resultados!$D$5:$D$200,$B5,Resultados!$G$5:$G$200)+SUMIF(Resultados!$F$5:$F$200,$B5,Resultados!$E$5:$E$200) -> 10 | H5: =F5-G5 -> 28 | I5: =IF(C5=0,"",D5/C5) -> 1
A6: 2 | B6: Pinoleros 505 | C6: =COUNTIF(Resultados!$D$5:$D$200,$B6)+COUNTIF(Resultados!$F$5:$F$200,$B6) -> 3 | D6: =SUMPRODUCT((Resultados!$D$5:$D$200=$B6)*(Resultados!$E$5:$E$200>Resultados!$G$5:$G$200))+SUMPRODUCT((Resultados!$F$5:$F$200=$B6)*(Resultados!$G$5:$G$200>Resultados!$E$5:$E$200)) -> 2 | E6: =SUMPRODUCT((Resultados!$D$5:$D$200=$B6)*(Resultados!$E$5:$E$200<Resultados!$G$5:$G$200))+SUMPRODUCT((Resultados!$F$5:$F$200=$B6)*(Resultados!$G$5:$G$200<Resultados!$E$5:$E$200)) -> 1 | F6: =SUMIF(Resultados!$D$5:$D$200,$B6,Resultados!$E$5:$E$200)+SUMIF(Resultados!$F$5:$F$200,$B6,Resultados!$G$5:$G$200) -> 35 | G6: =SUMIF(Resultados!$D$5:$D$200,$B6,Resultados!$G$5:$G$200)+SUMIF(Resultados!$F$5:$F$200,$B6,Resultados!$E$5:$E$200) -> 8 | H6: =F6-G6 -> 27 | I6: =IF(C6=0,"",D6/C6) -> 0.66666667
A7: 3 | B7: Warthogs | C7: =COUNTIF(Resultados!$D$5:$D$200,$B7)+COUNTIF(Resultados!$F$5:$F$200,$B7) -> 3 | D7: =SUMPRODUCT((Resultados!$D$5:$D$200=$B7)*(Resultados!$E$5:$E$200>Resultados!$G$5:$G$200))+SUMPRODUCT((Resultados!$F$5:$F$200=$B7)*(Resultados!$G$5:$G$200>Resultados!$E$5:$E$200)) -> 2 | E7: =SUMPRODUCT((Resultados!$D$5:$D$200=$B7)*(Resultados!$E$5:$E$200<Resultados!$G$5:$G$200))+SUMPRODUCT((Resultados!$F$5:$F$200=$B7)*(Resultados!$G$5:$G$200<Resultados!$E$5:$E$200)) -> 1 | F7: =SUMIF(Resultados!$D$5:$D$200,$B7,Resultados!$E$5:$E$200)+SUMIF(Resultados!$F$5:$F$200,$B7,Resultados!$G$5:$G$200) -> 33 | G7: =SUMIF(Resultados!$D$5:$D$200,$B7,Resultados!$G$5:$G$200)+SUMIF(Resultados!$F$5:$F$200,$B7,Resultados!$E$5:$E$200) -> 31 | H7: =F7-G7 -> 2 | I7: =IF(C7=0,"",D7/C7) -> 0.66666667
A8: 4 | B8: La Comisión | C8: =COUNTIF(Resultados!$D$5:$D$200,$B8)+COUNTIF(Resultados!$F$5:$F$200,$B8) -> 4 | D8: =SUMPRODUCT((Resultados!$D$5:$D$200=$B8)*(Resultados!$E$5:$E$200>Resultados!$G$5:$G$200))+SUMPRODUCT((Resultados!$F$5:$F$200=$B8)*(Resultados!$G$5:$G$200>Resultados!$E$5:$E$200)) -> 1 | E8: =SUMPRODUCT((Resultados!$D$5:$D$200=$B8)*(Resultados!$E$5:$E$200<Resultados!$G$5:$G$200))+SUMPRODUCT((Resultados!$F$5:$F$200=$B8)*(Resultados!$G$5:$G$200<Resultados!$E$5:$E$200)) -> 3 | F8: =SUMIF(Resultados!$D$5:$D$200,$B8,Resultados!$E$5:$E$200)+SUMIF(Resultados!$F$5:$F$200,$B8,Resultados!$G$5:$G$200) -> 30 | G8: =SUMIF(Resultados!$D$5:$D$200,$B8,Resultados!$G$5:$G$200)+SUMIF(Resultados!$F$5:$F$200,$B8,Resultados!$E$5:$E$200) -> 58 | H8: =F8-G8 -> -28 | I8: =IF(C8=0,"",D8/C8) -> 0.25
A9: 5 | B9: Goofy's Squad | C9: =COUNTIF(Resultados!$D$5:$D$200,$B9)+COUNTIF(Resultados!$F$5:$F$200,$B9) -> 3 | D9: =SUMPRODUCT((Resultados!$D$5:$D$200=$B9)*(Resultados!$E$5:$E$200>Resultados!$G$5:$G$200))+SUMPRODUCT((Resultados!$F$5:$F$200=$B9)*(Resultados!$G$5:$G$200>Resultados!$E$5:$E$200)) -> 0 | E9: =SUMPRODUCT((Resultados!$D$5:$D$200=$B9)*(Resultados!$E$5:$E$200<Resultados!$G$5:$G$200))+SUMPRODUCT((Resultados!$F$5:$F$200=$B9)*(Resultados!$G$5:$G$200<Resultados!$E$5:$E$200)) -> 3 | F9: =SUMIF(Resultados!$D$5:$D$200,$B9,Resultados!$E$5:$E$200)+SUMIF(Resultados!$F$5:$F$200,$B9,Resultados!$G$5:$G$200) -> 10 | G9: =SUMIF(Resultados!$D$5:$D$200,$B9,Resultados!$G$5:$G$200)+SUMIF(Resultados!$F$5:$F$200,$B9,Resultados!$E$5:$E$200) -> 39 | H9: =F9-G9 -> -29 | I9: =IF(C9=0,"",D9/C9) -> 0
A11: Desempate tras la jornada 4: Pinoleros 505 sobre Warthogs (los dos 2-1) por diferencia global de carreras, +27 contra +2; no se han enfrentado y juegan el jueves 8 de octubre. Drinks queda solo arriba, invicto. Goofy’s Squad descansó.

Sheet Resultados
A1: Resultados
A2: Marcador final de cada juego.
A4: Jornada | B4: Fecha | C4: Hora | D4: Visitante | E4: C | F4: Local | G4: C | H4: Entradas
A5: 1 | B5: jue 10 sep | C5: 8:00 pm | D5: Goofy's Squad | E5: 6 | F5: Warthogs | G5: 17 | H5: 5
A6: 1 | B6: jue 10 sep | C6: 9:30 pm | D6: La Comisión | E6: 1 | F6: Pinoleros 505 | G6: 21 | H6: 3
A7: 2 | B7: jue 17 sep | C7: 8:00 pm | D7: Goofy's Squad | E7: 3 | F7: La Comisión | G7: 13 | H7: 5
A8: 2 | B8: jue 17 sep | C8: 9:30 pm | D8: Warthogs | E8: 2 | F8: Drinks | G8: 12 | H8: 5
A9: 3 | B9: jue 24 sep | C9: 8:00 pm | D9: Drinks | E9: 20 | F9: La Comisión | G9: 3 | H9: 4
A10: 3 | B10: jue 24 sep | C10: 9:30 pm | D10: Pinoleros 505 | E10: 9 | F10: Goofy's Squad | G10: 1 | H10: 6
A11: 4 | B11: jue 1 oct | C11: 8:00 pm | D11: Pinoleros 505 | E11: 5 | F11: Drinks | G11: 6 | H11: 6
A12: 4 | B12: jue 1 oct | C12: 9:30 pm | D12: La Comisión | E12: 13 | F12: Warthogs | G12: 14 | H12: 5

Sheet Pinoleros 505
A1: Pinoleros 505
A2: JACK Andy Alonso · Temporada 21 · corte después de la jornada 4 (jueves 1 oct 2026)
A4: Jugador | B4: Equipo | C4: JJ | D4: AP | E4: H | F4: 2B | G4: 3B | H4: HR | I4: CI | J4: PRO | K4: EL | L4: JG | M4: K | N4: EFE
A5: Brando Hernandez | B5: Pinoleros 505 | C5: 2 | D5: 4 | E5: 3 | F5: 2 | G5: 1 | H5: 0 | I5: 4 | J5: 0.75
A6: Gerald Arriola | B6: Pinoleros 505 | C6: 3 | D6: 6 | E6: 3 | F6: 1 | G6: 0 | H6: 0 | I6: 4 | J6: 0.6
A7: Josue Mayorga | B7: Pinoleros 505 | C7: 3 | D7: 5 | E7: 2 | F7: 1 | G7: 0 | H7: 0 | I7: 4 | J7: 0.4
A8: Jose Ortiz | B8: Pinoleros 505 | C8: 2 | D8: 4 | E8: 2 | F8: 0 | G8: 1 | H8: 1 | I8: 3 | J8: 0.667
A9: Elmer Meneses | B9: Pinoleros 505 | C9: 3 | D9: 7 | E9: 4 | F9: 0 | G9: 0 | H9: 1 | I9: 2 | J9: 0.667
A10: Andy Hill | B10: Pinoleros 505 | C10: 2 | D10: 4 | E10: 2 | F10: 1 | G10: 0 | H10: 1 | I10: 2 | J10: 0.667
A11: Kevin Obando | B11: Pinoleros 505 | C11: 3 | D11: 6 | E11: 2 | F11: 1 | G11: 1 | H11: 0 | I11: 2 | J11: 0.4
A12: Neymar Valle | B12: Pinoleros 505 | C12: 3 | D12: 4 | E12: 2 | F12: 1 | G12: 0 | H12: 0 | I12: 2 | J12: 0.667
A13: Rodrigo Mejia | B13: Pinoleros 505 | C13: 3 | D13: 6 | E13: 2 | F13: 0 | G13: 0 | H13: 0 | I13: 2 | J13: 0.333
A14: Bryan Hernandez | B14: Pinoleros 505 | C14: 3 | D14: 7 | E14: 3 | F14: 2 | G14: 0 | H14: 0 | I14: 1 | J14: 0.429
A15: Moises Reyes | B15: Pinoleros 505 | C15: 3 | D15: 6 | E15: 3 | F15: 1 | G15: 0 | H15: 0 | I15: 1 | J15: 0.6
A16: Norvin Osorio | B16: Pinoleros 505 | C16: 3 | D16: 7 | E16: 3 | F16: 1 | G16: 0 | H16: 0 | I16: 1 | J16: 0.6
... A20: Eric Batista | B20: Pinoleros 505 | C20: 2 | D20: 3 | E20: 1 | F20: 0 | G20: 0 | H20: 0 | I20: 0 | J20: 0.333
A21: Frambely Gutierrez | B21: Pinoleros 505 | C21: 3 | D21: 5 | E21: 1 | F21: 0 | G21: 0 | H21: 0 | I21: 0 | J21: 0.333 | K21: 9 | L21: 2 | M21: 6 | N21: 1.56
A22: Moises Moraga | B22: Pinoleros 505 | C22: 2 | D22: 3 | E22: 1 | F22: 0 | G22: 0 | H22: 0 | I22: 0 | J22: 0.5
A23: Gustavo Lopez | B23: Pinoleros 505 | C23: 1 | D23: 1 | E23: 0 | F23: 0 | G23: 0 | H23: 0 | I23: 0 | J23: 0
A24: Luis Grijalva | B24: Pinoleros 505 | C24: 1 | D24: 2 | E24: 0 | F24: 0 | G24: 0 | H24: 0 | I24: 0 | J24: 0 | K24: 5.2 | L24: 0 | M24: 1 | N24: 6.18

Sheet Warthogs
A1: Warthogs
A2: JACK Andy Alonso · Temporada 21 · corte después de la jornada 4 (jueves 1 oct 2026)
A4: Jugador | B4: Equipo | C4: JJ | D4: AP | E4: H | F4: 2B | G4: 3B | H4: HR | I4: CI | J4: PRO | K4: EL | L4: JG | M4: K | N4: EFE
A5: Alexander Beitia | B5: Warthogs | C5: 2 | D5: 5 | E5: 3 | F5: 1 | G5: 2 | H5: 0 | I5: 4 | J5: 0.75
A6: German Castro | B6: Warthogs | C6: 3 | D6: 6 | E6: 3 | F6: 2 | G6: 0 | H6: 0 | I6: 4 | J6: 0.5
A7: Abdiel Cerrud | B7: Warthogs | C7: 2 | D7: 5 | E7: 2 | F7: 0 | G7: 0 | H7: 0 | I7: 4 | J7: 0.4 | K7: 0.1 | L7: 0 | M7: 0 | N7: 42
A8: Manuel Aizpurua | B8: Warthogs | C8: 1 | D8: 2 | E8: 2 | F8: 1 | G8: 0 | H8: 0 | I8: 3 | J8: 1 | K8: 1 | L8: 0 | M8: 0 | N8: 0
A9: Martin Castillero | B9: Warthogs | C9: 3 | D9: 5 | E9: 1 | F9: 0 | G9: 0 | H9: 0 | I9: 3 | J9: 0.25 | K9: 5.1 | L9: 1 | M9: 0 | N9: 22.31
A10: Hector Ruiz | B10: Warthogs | C10: 3 | D10: 6 | E10: 3 | F10: 0 | G10: 0 | H10: 0 | I10: 2 | J10: 0.6
A11: Josue Bragtley | B11: Warthogs | C11: 3 | D11: 5 | E11: 2 | F11: 1 | G11: 0 | H11: 0 | I11: 2 | J11: 0.5 | K11: 7.2 | L11: 1 | M11: 4 | N11: 5.48
A12: William Rodriguez | B12: Warthogs | C12: 2 | D12: 4 | E12: 4 | F12: 0 | G12: 0 | H12: 0 | I12: 1 | J12: 1
A13: Jonathan Santos | B13: Warthogs | C13: 2 | D13: 4 | E13: 3 | F13: 0 | G13: 0 | H13: 0 | I13: 1 | J13: 0.75
A14: Jose Donado | B14: Warthogs | C14: 3 | D14: 7 | E14: 3 | F14: 0 | G14: 0 | H14: 0 | I14: 1 | J14: 0.429
A15: Moises Tenorio | B15: Warthogs | C15: 3 | D15: 7 | E15: 3 | F15: 0 | G15: 0 | H15: 1 | I15: 1 | J15: 0.429
A16: Isaias Rangel | B16: Warthogs | C16: 2 | D16: 4 | E16: 2 | F16: 0 | G16: 0 | H16: 0 | I16: 1 | J16: 0.5
A17: Johan Castillo | B17: Warthogs | C17: 2 | D17: 5 | E17: 1 | F17: 0 | G17: 0 | H17: 0 | I17: 1 | J17: 0.2
A18: Martin Castillero Jr | B18: Warthogs | C18: 1 | D18: 3 | E18: 1 | F18: 0 | G18: 1 | H18: 0 | I18: 1 | J18: 0.333
A19: Elvis Espino | B19: Warthogs | C19: 1 | D19: 3 | E19: 0 | F19: 0 | G19: 0 | H19: 0 | I19: 1 | J19: 0
A20: Hector Vergara | B20: Warthogs | C20: 3 | D20: 6 | E20: 2 | F20: 1 | G20: 0 | H20: 0 | I20: 0 | J20: 0.4
A21: Ali Piña | B21: Warthogs | C21: 3 | D21: 6 | E21: 1 | F21: 0 | G21: 0 | H21: 0 | I21: 0 | J21: 0.2
A22: Josue Cerrud | B22: Warthogs | C22: 2 | D22: 4 | E22: 1 | F22: 0 | G22: 0 | H22: 0 | I22: 0 | J22: 0.333
A23: Javier Nay | B23: Warthogs | C23: 2 | D23: 4 | E23: 0 | F23: 0 | G23: 0 | H23: 0 | I23: 0 | J23: 0

Sheet Goofy's Squad
A1: Goofy's Squad
A2: JACK Andy Alonso · Temporada 21 · corte después de la jornada 4 (jueves 1 oct 2026)
A4: Jugador | B4: Equipo | C4: JJ | D4: AP | E4: H | F4: 2B | G4: 3B | H4: HR | I4: CI | J4: PRO | K4: EL | L4: JG | M4: K | N4: EFE
A5: Gustavo | B5: Goofy's Squad | C5: 2 | D5: 3 | E5: 2 | F5: 0 | G5: 0 | H5: 0 | I5: 2 | J5: 0.667
A6: Luis Silva | B6: Goofy's Squad | C6: 3 | D6: 6 | E6: 2 | F6: 0 | G6: 0 | H6: 0 | I6: 1 | J6: 0.333 | K6: 5 | L6: 0 | M6: 2 | N6: 14
A7: Deiker | B7: Goofy's Squad | C7: 1 | D7: 1 | E7: 1 | F7: 0 | G7: 0 | H7: 0 | I7: 1 | J7: 1
A8: Satoshi | B8: Goofy's Squad | C8: 2 | D8: 4 | E8: 1 | F8: 0 | G8: 0 | H8: 0 | I8: 1 | J8: 0.25
A9: Francksco G | B9: Goofy's Squad | C9: 2 | D9: 4 | E9: 0 | F9: 0 | G9: 0 | H9: 0 | I9: 1 | J9: 0
A10: Josue | B10: Goofy's Squad | C10: 1 | D10: 2 | E10: 0 | F10: 0 | G10: 0 | H10: 0 | I10: 1 | J10: 0
A11: Randy | B11: Goofy's Squad | C11: 3 | D11: 6 | E11: 3 | F11: 1 | G11: 1 | H11: 0 | I11: 0 | J11: 0.6 | K11: 5 | L11: 0 | M11: 1 | N11: 5.6
A12: Manu | B12: Goofy's Squad | C12: 1 | D12: 2 | E12: 2 | F12: 0 | G12: 0 | H12: 0 | I12: 0 | J12: 1
A13: Manu Pitty | B13: Goofy's Squad | C13: 3 | D13: 5 | E13: 2 | F13: 0 | G13: 0 | H13: 0 | I13: 0 | J13: 0.4
A14: Rigoberto | B14: Goofy's Squad | C14: 3 | D14: 5 | E14: 2 | F14: 0 | G14: 0 | H14: 0 | I14: 0 | J14: 0.4
A15: Roberto | B15: Goofy's Squad | C15: 3 | D15: 5 | E15: 2 | F15: 0 | G15: 1 | H15: 0 | I15: 0 | J15: 0.4
A16: Anyerigue | B16: Goofy's Squad | C16: 3 | D16: 4 | E16: 1 | F16: 0 | G16: 0 | H16: 0 | I16: 0 | J16: 0.25
A17: Fernando Jr | B17: Goofy's Squad | C17: 3 | D17: 5 | E17: 1 | F17: 0 | G17: 0 | H17: 0 | I17: 0 | J17: 0.2
A18: Gabriel Chong | B18: Goofy's Squad | C18: 2 | D18: 4 | E18: 1 | F18: 0 | G18: 0 | H18: 0 | I18: 0 | J18: 0.333
A19: Ricardo Adames | B19: Goofy's Squad | C19: 1 | D19: 2 | E19: 1 | F19: 0 | G19: 0 | H19: 0 | I19: 0 | J19: 0.5
A20: Yurlo | B20: Goofy's Squad | C20: 1 | D20: 1 | E20: 1 | F20: 1 | G20: 0 | H20: 0 | I20: 0 | J20: 1
A21: Banyeir Mojica | B21: Goofy's Squad | C21: 1 | D21: 1 | E21: 0 | F21: 0 | G21: 0 | H21: 0 | I21: 0 | J21: 0
A22: Franco | B22: Goofy's Squad | C22: 2 | D22: 4 | E22: 0 | F22: 0 | G22: 0 | H22: 0 | I22: 0 | J22: 0
A23: Heber | B23: Goofy's Squad | C23: 3 | D23: 3 | E23: 0 | F23: 0 | G23: 0 | H23: 0 | I23: 0 | J23: 0 | K23: 4.1 | L23: 0 | M23: 0 | N23: 14.54
A24: Isaac | B24: Goofy's Squad | C24: 1 | D24: 2 | E24: 0 | F24: 0 | G24: 0 | H24: 0 | I24: 0 | J24: 0
A25: Joaco Lombar Jr | B25: Goofy's Squad | C25: 1 | D25: 2 | E25: 0 | F25: 0 | G25: 0 | H25: 0 | I25: 0 | J25: 0
A26: Marcano | B26: Goofy's Squad | C26: 3 | D26: 4 | E26: 0 | F26: 0 | G26: 0 | H26: 0 | I26: 0 | J26: 0

Sheet La Comisión
A1: La Comisión
A2: JACK Andy Alonso · Temporada 21 · corte después de la jornada 4 (jueves 1 oct 2026)
A4: Jugador | B4: Equipo | C4: JJ | D4: AP | E4: H | F4: 2B | G4: 3B | H4: HR | I4: CI | J4: PRO | K4: EL | L4: JG | M4: K | N4: EFE
A5: Dionel Zambrano | B5: La Comisión | C5: 3 | D5: 8 | E5: 6 | F5: 0 | G5: 0 | H5: 4 | I5: 8 | J5: 0.857
A6: Edwin Perez | B6: La Comisión | C6: 4 | D6: 10 | E6: 5 | F6: 2 | G6: 2 | H6: 0 | I6: 4 | J6: 0.556
A7: Cesar Quiu | B7: La Comisión | C7: 3 | D7: 6 | E7: 4 | F7: 0 | G7: 0 | H7: 0 | I7: 3 | J7: 0.667
A8: Eugenio Herrera | B8: La Comisión | C8: 2 | D8: 3 | E8: 0 | F8: 0 | G8: 0 | H8: 0 | I8: 3 | J8: 0
A9: Jose Isaac Martinez | B9: La Comisión | C9: 4 | D9: 9 | E9: 2 | F9: 0 | G9: 0 | H9: 0 | I9: 2 | J9: 0.222 | K9: 3.1 | L9: 0 | M9: 2 | N9: 27.3
A10: Alberto Orozco | B10: La Comisión | C10: 4 | D10: 9 | E10: 6 | F10: 0 | G10: 0 | H10: 0 | I10: 1 | J10: 0.667
A11: David Delgado | B11: La Comisión | C11: 2 | D11: 4 | E11: 4 | F11: 0 | G11: 1 | H11: 0 | I11: 1 | J11: 1
A12: Eric Sugasti | B12: La Comisión | C12: 3 | D12: 7 | E12: 2 | F12: 1 | G12: 0 | H12: 0 | I12: 1 | J12: 0.286
A13: Javier Lao | B13: La Comisión | C13: 4 | D13: 10 | E13: 2 | F13: 0 | G13: 0 | H13: 0 | I13: 1 | J13: 0.2
A14: Jostin Serrano | B14: La Comisión | C14: 3 | D14: 4 | E14: 2 | F14: 1 | G14: 0 | H14: 0 | I14: 1 | J14: 0.5
A15: Adrian Mejia | B15: La Comisión | C15: 3 | D15: 5 | E15: 1 | F15: 0 | G15: 0 | H15: 0 | I15: 1 | J15: 0.25
A16: Alexis Osorio | B16: La Comisión | C16: 2 | D16: 4 | E16: 1 | F16: 0 | G16: 0 | H16: 0 | I16: 1 | J16: 0.25 | K16: 0.1 | L16: 0 | M16: 0 | N16: 84
A17: Rainiel Bustamante | B17: La Comisión | C17: 1 | D17: 2 | E17: 1 | F17: 0 | G17: 0 | H17: 0 | I17: 1 | J17: 0.5
A18: Jose Gonzalez | B18: La Comisión | C18: 2 | D18: 4 | E18: 2 | F18: 0 | G18: 0 | H18: 0 | I18: 0 | J18: 0.5
A19: Reymond Delisser | B19: La Comisión | C19: 4 | D19: 8 | E19: 2 | F19: 0 | G19: 0 | H19: 0 | I19: 0 | J19: 0.25
A20: Juan Soto | B20: La Comisión | C20: 1 | D20: 2 | E20: 0 | F20: 0 | G20: 0 | H20: 0 | I20: 0 | J20: 0
A21: Julio Torres | B21: La Comisión | C21: 2 | D21: 2 | E21: 0 | F21: 0 | G21: 0 | H21: 0 | I21: 0 | J21: 0
A22: Ovidio Guerra | B22: La Comisión | C22: 3 | D22: 5 | E22: 0 | F22: 0 | G22: 0 | H22: 0 | I22: 0 | J22: 0 | K22: 12 | L22: 1 | M22: 2 | N22: 12.83

Sheet Drinks
A1: Drinks
A2: JACK Andy Alonso · Temporada 21 · corte después de la jornada 4 (jueves 1 oct 2026)
A4: Jugador | B4: Equipo | C4: JJ | D4: AP | E4: H | F4: 2B | G4: 3B | H4: HR | I4: CI | J4: PRO | K4: EL | L4: JG | M4: K | N4: EFE
A5: Rey Mendez | B5: Drinks | C5: 3 | D5: 7 | E5: 5 | F5: 1 | G5: 0 | H5: 2 | I5: 8 | J5: 0.714 | K5: 12 | L5: 2 | M5: 4 | N5: 2.92
A6: Bryan Meza | B6: Drinks | C6: 3 | D6: 9 | E6: 5 | F6: 2 | G6: 1 | H6: 1 | I6: 5 | J6: 0.556
A7: Ronald Caballero | B7: Drinks | C7: 3 | D7: 10 | E7: 4 | F7: 2 | G7: 0 | H7: 0 | I7: 4 | J7: 0.4
A8: Joel Duarte | B8: Drinks | C8: 2 | D8: 5 | E8: 3 | F8: 2 | G8: 0 | H8: 0 | I8: 4 | J8: 0.6
A9: Kleyton Vargas | B9: Drinks | C9: 2 | D9: 7 | E9: 3 | F9: 1 | G9: 2 | H9: 0 | I9: 3 | J9: 0.5
A10: Anthony Guevara | B10: Drinks | C10: 3 | D10: 9 | E10: 8 | F10: 3 | G10: 0 | H10: 1 | I10: 2 | J10: 0.889
A11: Nico Flores | B11: Drinks | C11: 3 | D11: 7 | E11: 5 | F11: 1 | G11: 0 | H11: 0 | I11: 2 | J11: 0.714
A12: Jonathan Marquez | B12: Drinks | C12: 2 | D12: 5 | E12: 2 | F12: 0 | G12: 0 | H12: 1 | I12: 2 | J12: 0.5 | K12: 3 | L12: 1 | M12: 1 | N12: 0
A13: Anel Quintero | B13: Drinks | C13: 1 | D13: 3 | E13: 1 | F13: 1 | G13: 0 | H13: 0 | I13: 2 | J13: 0.5
A14: Jorge Saavedra | B14: Drinks | C14: 1 | D14: 2 | E14: 1 | F14: 1 | G14: 0 | H14: 0 | I14: 1 | J14: 0.5
A15: Orlando Pinzon | B15: Drinks | C15: 3 | D15: 7 | E15: 2 | F15: 0 | G15: 0 | H15: 0 | I15: 0 | J15: 0.333
A16: Ernie Bernat | B16: Drinks | C16: 2 | D16: 4 | E16: 1 | F16: 0 | G16: 0 | H16: 0 | I16: 0 | J16: 0.25
A17: Oliver Rubio | B17: Drinks | C17: 2 | D17: 4 | E17: 1 | F17: 1 | G17: 0 | H17: 0 | I17: 0 | J17: 0.25
A18: Bryan Quintero | B18: Drinks | C18: 3 | D18: 8 | E18: 0 | F18: 0 | G18: 0 | H18: 0 | I18: 0 | J18: 0
A19: Efrahin Vargas | B19: Drinks | C19: 1 | D19: 2 | E19: 0 | F19: 0 | G19: 0 | H19: 0 | I19: 0 | J19: 0
A20: Eliecer Castillo | B20: Drinks | C20: 3 | D20: 7 | E20: 0 | F20: 0 | G20: 0 | H20: 0 | I20: 0 | J20: 0
