Workbook

Sheet Léeme
A1: Números del Meracho Senior · La Mella League
A3: Liga | B3: Meracho Senior · Temporada 22 · miércoles en el Complejo Deportivo del MEF, Albrook
A4: Corte | B4: Después de la jornada 2 (miércoles 28 de octubre de 2026)
A5: Desarrollo | B5: Desarrollo único para La Mella League y Liga Deportiva de Albrook
A7: Abreviaturas
A8: JJ | B8: Juegos jugados
A9: VB | B9: Veces al bate
A10: H | B10: Hits
A11: 2B | B11: Dobles
A12: 3B | B12: Triples
A13: HR | B13: Jonrones
A14: CI | B14: Carreras impulsadas
A15: PRO | B15: Promedio de bateo
A16: EL | B16: Entradas lanzadas
A17: JG | B17: Juegos ganados
A18: K | B18: Ponches
A19: EFE | B19: Efectividad sobre 7 entradas
A21: Página | B21: lamellaleague.github.io · calendarios, tablas y números de todas las ligas

Sheet Tabla
A1: Tabla de posiciones
A2: Se calcula sola desde la hoja «Resultados». El orden sigue el reglamento de desempates de La Mella y se revisa cada semana.
A4: # | B4: Equipo | C4: JJ | D4: G | E4: P | F4: CA | G4: CP | H4: DIF | I4: PCT
A5: 1 | B5: La Pandilla | C5: =COUNTIF(Resultados!$D$5:$D$200,$B5)+COUNTIF(Resultados!$F$5:$F$200,$B5) | D5: =SUMPRODUCT((Resultados!$D$5:$D$200=$B5)*(Resultados!$E$5:$E$200>Resultados!$G$5:$G$200))+SUMPRODUCT((Resultados!$F$5:$F$200=$B5)*(Resultados!$G$5:$G$200>Resultados!$E$5:$E$200)) | E5: =SUMPRODUCT((Resultados!$D$5:$D$200=$B5)*(Resultados!$E$5:$E$200<Resultados!$G$5:$G$200))+SUMPRODUCT((Resultados!$F$5:$F$200=$B5)*(Resultados!$G$5:$G$200<Resultados!$E$5:$E$200)) | F5: =SUMIF(Resultados!$D$5:$D$200,$B5,Resultados!$E$5:$E$200)+SUMIF(Resultados!$F$5:$F$200,$B5,Resultados!$G$5:$G$200) | G5: =SUMIF(Resultados!$D$5:$D$200,$B5,Resultados!$G$5:$G$200)+SUMIF(Resultados!$F$5:$F$200,$B5,Resultados!$E$5:$E$200) | H5: =F5-G5 | I5: =IF(C5=0,"",D5/C5)
A6: 2 | B6: Deejays | C6: =COUNTIF(Resultados!$D$5:$D$200,$B6)+COUNTIF(Resultados!$F$5:$F$200,$B6) | D6: =SUMPRODUCT((Resultados!$D$5:$D$200=$B6)*(Resultados!$E$5:$E$200>Resultados!$G$5:$G$200))+SUMPRODUCT((Resultados!$F$5:$F$200=$B6)*(Resultados!$G$5:$G$200>Resultados!$E$5:$E$200)) | E6: =SUMPRODUCT((Resultados!$D$5:$D$200=$B6)*(Resultados!$E$5:$E$200<Resultados!$G$5:$G$200))+SUMPRODUCT((Resultados!$F$5:$F$200=$B6)*(Resultados!$G$5:$G$200<Resultados!$E$5:$E$200)) | F6: =SUMIF(Resultados!$D$5:$D$200,$B6,Resultados!$E$5:$E$200)+SUMIF(Resultados!$F$5:$F$200,$B6,Resultados!$G$5:$G$200) | G6: =SUMIF(Resultados!$D$5:$D$200,$B6,Resultados!$G$5:$G$200)+SUMIF(Resultados!$F$5:$F$200,$B6,Resultados!$E$5:$E$200) | H6: =F6-G6 | I6: =IF(C6=0,"",D6/C6)
A7: 3 | B7: Fantasía | C7: =COUNTIF(Resultados!$D$5:$D$200,$B7)+COUNTIF(Resultados!$F$5:$F$200,$B7) | D7: =SUMPRODUCT((Resultados!$D$5:$D$200=$B7)*(Resultados!$E$5:$E$200>Resultados!$G$5:$G$200))+SUMPRODUCT((Resultados!$F$5:$F$200=$B7)*(Resultados!$G$5:$G$200>Resultados!$E$5:$E$200)) | E7: =SUMPRODUCT((Resultados!$D$5:$D$200=$B7)*(Resultados!$E$5:$E$200<Resultados!$G$5:$G$200))+SUMPRODUCT((Resultados!$F$5:$F$200=$B7)*(Resultados!$G$5:$G$200<Resultados!$E$5:$E$200)) | F7: =SUMIF(Resultados!$D$5:$D$200,$B7,Resultados!$E$5:$E$200)+SUMIF(Resultados!$F$5:$F$200,$B7,Resultados!$G$5:$G$200) | G7: =SUMIF(Resultados!$D$5:$D$200,$B7,Resultados!$G$5:$G$200)+SUMIF(Resultados!$F$5:$F$200,$B7,Resultados!$E$5:$E$200) | H7: =F7-G7 | I7: =IF(C7=0,"",D7/C7)
A8: 4 | B8: Cerveceros | C8: =COUNTIF(Resultados!$D$5:$D$200,$B8)+COUNTIF(Resultados!$F$5:$F$200,$B8) | D8: =SUMPRODUCT((Resultados!$D$5:$D$200=$B8)*(Resultados!$E$5:$E$200>Resultados!$G$5:$G$200))+SUMPRODUCT((Resultados!$F$5:$F$200=$B8)*(Resultados!$G$5:$G$200>Resultados!$E$5:$E$200)) | E8: =SUMPRODUCT((Resultados!$D$5:$D$200=$B8)*(Resultados!$E$5:$E$200<Resultados!$G$5:$G$200))+SUMPRODUCT((Resultados!$F$5:$F$200=$B8)*(Resultados!$G$5:$G$200<Resultados!$E$5:$E$200)) | F8: =SUMIF(Resultados!$D$5:$D$200,$B8,Resultados!$E$5:$E$200)+SUMIF(Resultados!$F$5:$F$200,$B8,Resultados!$G$5:$G$200) | G8: =SUMIF(Resultados!$D$5:$D$200,$B8,Resultados!$G$5:$G$200)+SUMIF(Resultados!$F$5:$F$200,$B8,Resultados!$E$5:$E$200) | H8: =F8-G8 | I8: =IF(C8=0,"",D8/C8)
A11: Después de la jornada 2: La Pandilla 2-0; Deejays y Fantasía 1-1; Cerveceros 0-2. Deejays va delante de Fantasía porque le ganó el juego entre ellos (15-10, J1), primer criterio de desempate del reglamento (7.3 a). Jornada 3, miércoles 11 de noviembre: 7:30 Fantasía vs La Pandilla · 9:00 Cerveceros vs Deejays. El mié 4 nov no hay juegos (fiestas patrias).

Sheet Resultados
A1: Resultados
A2: Marcador final de cada juego.
A4: Jornada | B4: Fecha | C4: Hora | D4: Visitante | E4: C | F4: Local | G4: C | H4: Entradas
A5: 1 | B5: mié 21 oct | C5: 7:30 pm | D5: Deejays | E5: 15 | F5: Fantasía | G5: 10 | H5: 5
A6: 1 | B6: mié 21 oct | C6: 9:00 pm | D6: La Pandilla | E6: 13 | F6: Cerveceros | G6: 10 | H6: 4
A7: 2 | B7: mié 28 oct | C7: 7:30 pm | D7: Fantasía | E7: 13 | F7: Cerveceros | G7: 3 | H7: 5
A8: 2 | B8: mié 28 oct | C8: 9:00 pm | D8: Deejays | E8: 6 | F8: La Pandilla | G8: 7 | H8: 6

Sheet Deejays
A1: Deejays
A2: Meracho Senior · Temporada 22 · corte después de la jornada 2 (miércoles 28 oct 2026)
A4: Jugador | B4: Equipo | C4: JJ | D4: VB | E4: H | F4: 2B | G4: 3B | H4: HR | I4: CI | J4: PRO | K4: EL | L4: JG | M4: K | N4: EFE
A5: Kenny Van Gómez | B5: Deejays | C5: 2 | D5: 4 | E5: 4 | F5: 3 | G5: 0 | H5: 0 | I5: 3 | J5: 1
A6: José Terriente | B6: Deejays | C6: 2 | D6: 5 | E6: 3 | F6: 2 | G6: 0 | H6: 0 | I6: 3 | J6: 0.6
A7: Roberto Villareal | B7: Deejays | C7: 2 | D7: 4 | E7: 3 | F7: 0 | G7: 1 | H7: 0 | I7: 3 | J7: 0.75
A8: José Delgado | B8: Deejays | C8: 2 | D8: 7 | E8: 2 | F8: 1 | G8: 0 | H8: 0 | I8: 3 | J8: 0.286
A9: Diomedes Frias | B9: Deejays | C9: 2 | D9: 4 | E9: 3 | F9: 1 | G9: 1 | H9: 0 | I9: 2 | J9: 0.75
A10: Adrián Cabezas | B10: Deejays | C10: 2 | D10: 5 | E10: 2 | F10: 1 | G10: 1 | H10: 0 | I10: 2 | J10: 0.4
A11: Tomás Guerra | B11: Deejays | C11: 1 | D11: 2 | E11: 1 | F11: 0 | G11: 0 | H11: 0 | I11: 2 | J11: 0.5
A12: Jorge Chevez | B12: Deejays | C12: 2 | D12: 6 | E12: 3 | F12: 2 | G12: 0 | H12: 0 | I12: 1 | J12: 0.5
A13: Abi Vargas | B13: Deejays | C13: 1 | D13: 3 | E13: 1 | F13: 0 | G13: 1 | H13: 0 | I13: 1 | J13: 0.333
A14: Roger Flores | B14: Deejays | C14: 2 | D14: 5 | E14: 0 | F14: 0 | G14: 0 | H14: 0 | I14: 1 | J14: 0
A15: Tomás Guerra Jr | B15: Deejays | C15: 2 | D15: 6 | E15: 3 | F15: 0 | G15: 0 | H15: 0 | I15: 0 | J15: 0.5
A16: Mickey Sánchez | B16: Deejays | C16: 1 | D16: 2 | E16: 1 | F16: 0 | G16: 0 | H16: 0 | I16: 0 | J16: 0.5 | K16: 5 | L16: 1 | M16: 2 | N16: 8.4
A17: Antonio Guerra | B17: Deejays | C17: 1 | D17: 2 | E17: 0 | F17: 0 | G17: 0 | H17: 0 | I17: 0 | J17: 0
A18: Daniel Tapia | B18: Deejays | C18: 1 | D18: 1 | E18: 0 | F18: 0 | G18: 0 | H18: 0 | I18: 0 | J18: 0
A19: Juan Carlos Meneses | B19: Deejays | C19: 1 | D19: 1 | E19: 0 | F19: 0 | G19: 0 | H19: 0 | I19: 0 | J19: 0 | K19: 5 | L19: 0 | M19: 0 | N19: 5.6
A20: Nicolás Carrega | B20: Deejays | C20: 1 | D20: 2 | E20: 0 | F20: 0 | G20: 0 | H20: 0 | I20: 0 | J20: 0

Sheet La Pandilla
A1: La Pandilla
A2: Meracho Senior · Temporada 22 · corte después de la jornada 2 (miércoles 28 oct 2026)
A4: Jugador | B4: Equipo | C4: JJ | D4: VB | E4: H | F4: 2B | G4: 3B | H4: HR | I4: CI | J4: PRO | K4: EL | L4: JG | M4: K | N4: EFE
A5: Franck Chiary | B5: La Pandilla | C5: 2 | D5: 6 | E5: 4 | F5: 1 | G5: 1 | H5: 0 | I5: 5 | J5: 0.667
A6: Nedglinyer Marcano | B6: La Pandilla | C6: 2 | D6: 4 | E6: 3 | F6: 0 | G6: 0 | H6: 0 | I6: 3 | J6: 0.75
A7: Tomas Noriega | B7: La Pandilla | C7: 2 | D7: 6 | E7: 3 | F7: 2 | G7: 0 | H7: 0 | I7: 3 | J7: 0.5
A8: Sergio González | B8: La Pandilla | C8: 2 | D8: 4 | E8: 1 | F8: 0 | G8: 0 | H8: 1 | I8: 3 | J8: 0.25
A9: Alexis Hartman | B9: La Pandilla | C9: 2 | D9: 5 | E9: 3 | F9: 1 | G9: 0 | H9: 0 | I9: 2 | J9: 0.6
A10: Romel Cubilla | B10: La Pandilla | C10: 2 | D10: 3 | E10: 2 | F10: 1 | G10: 0 | H10: 0 | I10: 1 | J10: 0.667
A11: Abdul Garzón | B11: La Pandilla | C11: 2 | D11: 4 | E11: 0 | F11: 0 | G11: 0 | H11: 0 | I11: 1 | J11: 0
A12: Jose Corro | B12: La Pandilla | C12: 1 | D12: 1 | E12: 1 | F12: 0 | G12: 1 | H12: 0 | I12: 0 | J12: 1
A13: Luis Pineda | B13: La Pandilla | C13: 2 | D13: 3 | E13: 1 | F13: 0 | G13: 0 | H13: 0 | I13: 0 | J13: 0.333
A14: Eric Yim | B14: La Pandilla | C14: 1 | D14: 0 | E14: 0 | F14: 0 | G14: 0 | H14: 0 | I14: 0
A15: Francisco Cárdenas | B15: La Pandilla | C15: 2 | D15: 4 | E15: 0 | F15: 0 | G15: 0 | H15: 0 | I15: 0 | J15: 0
A16: Jack Peter | B16: La Pandilla | C16: 2 | D16: 3 | E16: 0 | F16: 0 | G16: 0 | H16: 0 | I16: 0 | J16: 0
A17: Randy Saez | B17: La Pandilla | C17: 1 | D17: 2 | E17: 0 | F17: 0 | G17: 0 | H17: 0 | I17: 0 | J17: 0 | K17: 10 | L17: 2 | M17: 3 | N17: 7
A18: Roberto Salas | B18: La Pandilla | C18: 2 | D18: 4 | E18: 0 | F18: 0 | G18: 0 | H18: 0 | I18: 0 | J18: 0

Sheet Cerveceros
A1: Cerveceros
A2: Meracho Senior · Temporada 22 · corte después de la jornada 2 (miércoles 28 oct 2026)
A4: Jugador | B4: Equipo | C4: JJ | D4: VB | E4: H | F4: 2B | G4: 3B | H4: HR | I4: CI | J4: PRO | K4: EL | L4: JG | M4: K | N4: EFE
A5: Gabriel Aira | B5: Cerveceros | C5: 2 | D5: 4 | E5: 2 | F5: 1 | G5: 1 | H5: 0 | I5: 3 | J5: 0.5
A6: Reinaldo Arcia | B6: Cerveceros | C6: 2 | D6: 4 | E6: 1 | F6: 1 | G6: 0 | H6: 0 | I6: 3 | J6: 0.25
A7: Wilian Aira | B7: Cerveceros | C7: 2 | D7: 3 | E7: 2 | F7: 1 | G7: 0 | H7: 0 | I7: 2 | J7: 0.667
A8: Jesus Gil | B8: Cerveceros | C8: 2 | D8: 5 | E8: 2 | F8: 0 | G8: 0 | H8: 0 | I8: 1 | J8: 0.4 | K8: 8 | L8: 0 | M8: 4 | N8: 6.12
A9: Edgar Hernandez | B9: Cerveceros | C9: 2 | D9: 5 | E9: 1 | F9: 0 | G9: 0 | H9: 0 | I9: 1 | J9: 0.2
A10: Eliecer Chirinos | B10: Cerveceros | C10: 1 | D10: 2 | E10: 1 | F10: 0 | G10: 0 | H10: 1 | I10: 1 | J10: 0.5 | K10: 1 | L10: 0 | M10: 0 | N10: 56
A11: Nicolas Bertrand | B11: Cerveceros | C11: 1 | D11: 1 | E11: 1 | F11: 0 | G11: 1 | H11: 0 | I11: 1 | J11: 1
A12: Wolfang Mendez | B12: Cerveceros | C12: 1 | D12: 1 | E12: 1 | F12: 0 | G12: 0 | H12: 0 | I12: 1 | J12: 1
A13: Paulo Luque | B13: Cerveceros | C13: 1 | D13: 2 | E13: 2 | F13: 0 | G13: 0 | H13: 0 | I13: 0 | J13: 1
A14: Mariano Porras | B14: Cerveceros | C14: 2 | D14: 2 | E14: 1 | F14: 0 | G14: 0 | H14: 0 | I14: 0 | J14: 0.5
A15: Victor Porras | B15: Cerveceros | C15: 1 | D15: 1 | E15: 1 | F15: 0 | G15: 0 | H15: 0 | I15: 0 | J15: 1
A16: Alexander Salas | B16: Cerveceros | C16: 1 | D16: 1 | E16: 0 | F16: 0 | G16: 0 | H16: 0 | I16: 0 | J16: 0
A17: Angel Lopez | B17: Cerveceros | C17: 2 | D17: 2 | E17: 0 | F17: 0 | G17: 0 | H17: 0 | I17: 0 | J17: 0
A18: Daniel Melendez | B18: Cerveceros | C18: 1 | D18: 2 | E18: 0 | F18: 0 | G18: 0 | H18: 0 | I18: 0 | J18: 0
A19: Johan Caracas | B19: Cerveceros | C19: 2 | D19: 3 | E19: 0 | F19: 0 | G19: 0 | H19: 0 | I19: 0 | J19: 0
A20: Luis Anzola | B20: Cerveceros | C20: 1 | D20: 2 | E20: 0 | F20: 0 | G20: 0 | H20: 0 | I20: 0 | J20: 0
A21: Luis Marquez | B21: Cerveceros | C21: 1 | D21: 2 | E21: 0 | F21: 0 | G21: 0 | H21: 0 | I21: 0 | J21: 0
A22: Rolando Roquebert | B22: Cerveceros | C22: 1 | D22: 2 | E22: 0 | F22: 0 | G22: 0 | H22: 0 | I22: 0 | J22: 0

Sheet Fantasía
A1: Fantasía
A2: Meracho Senior · Temporada 22 · corte después de la jornada 2 (miércoles 28 oct 2026)
A4: Jugador | B4: Equipo | C4: JJ | D4: VB | E4: H | F4: 2B | G4: 3B | H4: HR | I4: CI | J4: PRO | K4: EL | L4: JG | M4: K | N4: EFE
A5: Jorge González | B5: Fantasía | C5: 2 | D5: 4 | E5: 2 | F5: 1 | G5: 1 | H5: 0 | I5: 5 | J5: 0.5
A6: Daniel Torrealba | B6: Fantasía | C6: 2 | D6: 7 | E6: 5 | F6: 0 | G6: 1 | H6: 0 | I6: 4 | J6: 0.714
A7: José Camacho | B7: Fantasía | C7: 2 | D7: 8 | E7: 4 | F7: 3 | G7: 0 | H7: 0 | I7: 4 | J7: 0.5
A8: Nelson Meléndez | B8: Fantasía | C8: 2 | D8: 5 | E8: 4 | F8: 2 | G8: 1 | H8: 0 | I8: 3 | J8: 0.8
A9: Moisés Tenorio | B9: Fantasía | C9: 2 | D9: 6 | E9: 2 | F9: 0 | G9: 0 | H9: 0 | I9: 2 | J9: 0.333
A10: Josue Bragley | B10: Fantasía | C10: 1 | D10: 2 | E10: 2 | F10: 0 | G10: 0 | H10: 0 | I10: 1 | J10: 1 | K10: 7.1 | L10: 1 | M10: 0 | N10: 5.73
A11: Noel Samudio | B11: Fantasía | C11: 1 | D11: 3 | E11: 2 | F11: 0 | G11: 1 | H11: 0 | I11: 1 | J11: 0.667
A12: Ricardo Martin | B12: Fantasía | C12: 1 | D12: 1 | E12: 1 | F12: 0 | G12: 0 | H12: 0 | I12: 1 | J12: 1
A13: José Luis Frías | B13: Fantasía | C13: 1 | D13: 2 | E13: 0 | F13: 0 | G13: 0 | H13: 0 | I13: 1 | J13: 0
A14: Abdiel Cerrud | B14: Fantasía | C14: 2 | D14: 6 | E14: 1 | F14: 0 | G14: 0 | H14: 0 | I14: 0 | J14: 0.167
A15: Diego Caballero | B15: Fantasía | C15: 1 | D15: 1 | E15: 1 | F15: 1 | G15: 0 | H15: 0 | I15: 0 | J15: 1
A16: Héctor Vergara | B16: Fantasía | C16: 2 | D16: 4 | E16: 1 | F16: 0 | G16: 1 | H16: 0 | I16: 0 | J16: 0.25
A17: Jonathan Santos | B17: Fantasía | C17: 2 | D17: 5 | E17: 1 | F17: 0 | G17: 0 | H17: 0 | I17: 0 | J17: 0.2
A18: Virgilio Parra | B18: Fantasía | C18: 2 | D18: 3 | E18: 1 | F18: 0 | G18: 0 | H18: 0 | I18: 0 | J18: 0.333 | K18: 2.2 | L18: 0 | M18: 0 | N18: 31.5
